date,close
2022-06-06 10:00:59.999,1.8028
2022-06-06 10:01:59.999,1.8028
2022-06-06 10:02:59.999,1.8028
2022-06-06 10:03:59.999,1.8028
2022-06-06 10:04:59.999,1.8028
2022-06-06 10:05:59.999,1.8028
2022-06-06 10:06:59.999,1.8028
2022-06-06 10:07:59.999,1.8028
2022-06-06 10:08:59.999,1.8028
2022-06-06 10:09:59.999,1.8028
2022-06-06 10:10:59.999,1.8028
2022-06-06 10:11:59.999,1.8028
2022-06-06 10:12:59.999,1.8028
2022-06-06 10:13:59.999,1.8028
2022-06-06 10:14:59.999,1.8028
2022-06-06 10:15:59.999,1.8028
2022-06-06 10:16:59.999,1.8028
2022-06-06 10:17:59.999,1.8028
2022-06-06 10:18:59.999,1.8003
2022-06-06 10:19:59.999,1.8003
2022-06-06 10:20:59.999,1.8003
2022-06-06 10:21:59.999,1.8003
2022-06-06 10:22:59.999,1.8003
2022-06-06 10:23:59.999,1.8003
2022-06-06 10:24:59.999,1.8003
2022-06-06 10:25:59.999,1.8003
2022-06-06 10:26:59.999,1.8056
2022-06-06 10:27:59.999,1.8056
2022-06-06 10:28:59.999,1.8056
2022-06-06 10:29:59.999,1.8056
2022-06-06 10:30:59.999,1.8056
2022-06-06 10:31:59.999,1.8056
2022-06-06 10:32:59.999,1.8056
2022-06-06 10:33:59.999,1.8055
2022-06-06 10:34:59.999,1.8055
2022-06-06 10:35:59.999,1.8055
2022-06-06 10:36:59.999,1.8055
2022-06-06 10:37:59.999,1.8055
2022-06-06 10:38:59.999,1.8055
2022-06-06 10:39:59.999,1.8055
2022-06-06 10:40:59.999,1.8122
2022-06-06 10:41:59.999,1.8149
2022-06-06 10:42:59.999,1.8149
2022-06-06 10:43:59.999,1.8149
2022-06-06 10:44:59.999,1.8104
2022-06-06 10:45:59.999,1.8072
2022-06-06 10:46:59.999,1.8072
2022-06-06 10:47:59.999,1.8117
2022-06-06 10:48:59.999,1.832
2022-06-06 10:49:59.999,1.8516
2022-06-06 10:50:59.999,1.8516
2022-06-06 10:51:59.999,1.8516
2022-06-06 10:52:59.999,1.8516
2022-06-06 10:53:59.999,1.8516
2022-06-06 10:54:59.999,1.8516
2022-06-06 10:55:59.999,1.8516
2022-06-06 10:56:59.999,1.8516
2022-06-06 10:57:59.999,1.8516
2022-06-06 10:58:59.999,1.8516
2022-06-06 10:59:59.999,1.8516
2022-06-06 11:00:59.999,1.8516
2022-06-06 11:01:59.999,1.8516
2022-06-06 11:02:59.999,1.8516
2022-06-06 11:03:59.999,1.8516
2022-06-06 11:04:59.999,1.8516
2022-06-06 11:05:59.999,1.8516
2022-06-06 11:06:59.999,1.8516
2022-06-06 11:07:59.999,1.8538
2022-06-06 11:08:59.999,1.8538
2022-06-06 11:09:59.999,1.8538
2022-06-06 11:10:59.999,1.8538
2022-06-06 11:11:59.999,1.8538
2022-06-06 11:12:59.999,1.8538
2022-06-06 11:13:59.999,1.8538
2022-06-06 11:14:59.999,1.8538
2022-06-06 11:15:59.999,1.8538
2022-06-06 11:16:59.999,1.8538
2022-06-06 11:17:59.999,1.8538
2022-06-06 11:18:59.999,1.8538
2022-06-06 11:19:59.999,1.8538
2022-06-06 11:20:59.999,1.8538
2022-06-06 11:21:59.999,1.8538
2022-06-06 11:22:59.999,1.8538
2022-06-06 11:23:59.999,1.8538
2022-06-06 11:24:59.999,1.8538
2022-06-06 11:25:59.999,1.8626
2022-06-06 11:26:59.999,1.8607
2022-06-06 11:27:59.999,1.8607
2022-06-06 11:28:59.999,1.8607
2022-06-06 11:29:59.999,1.8664
2022-06-06 11:30:59.999,1.8664
2022-06-06 11:31:59.999,1.8664
2022-06-06 11:32:59.999,1.8664
2022-06-06 11:33:59.999,1.8664
2022-06-06 11:34:59.999,1.8664
2022-06-06 11:35:59.999,1.8664
2022-06-06 11:36:59.999,1.8664
2022-06-06 11:37:59.999,1.8664
2022-06-06 11:38:59.999,1.8664
2022-06-06 11:39:59.999,1.8664
2022-06-06 11:40:59.999,1.8664
2022-06-06 11:41:59.999,1.8664
2022-06-06 11:42:59.999,1.8663
2022-06-06 11:43:59.999,1.8663
2022-06-06 11:44:59.999,1.8663
2022-06-06 11:45:59.999,1.8568
2022-06-06 11:46:59.999,1.8568
2022-06-06 11:47:59.999,1.8568
2022-06-06 11:48:59.999,1.8568
2022-06-06 11:49:59.999,1.8568
2022-06-06 11:50:59.999,1.8648
2022-06-06 11:51:59.999,1.8648
2022-06-06 11:52:59.999,1.8648
2022-06-06 11:53:59.999,1.8648
2022-06-06 11:54:59.999,1.8648
2022-06-06 11:55:59.999,1.8648
2022-06-06 11:56:59.999,1.8663
2022-06-06 11:57:59.999,1.8663
2022-06-06 11:58:59.999,1.8663
2022-06-06 11:59:59.999,1.8663
2022-06-06 12:00:59.999,1.8663
2022-06-06 12:01:59.999,1.8663
2022-06-06 12:02:59.999,1.8663
2022-06-06 12:03:59.999,1.8663
2022-06-06 12:04:59.999,1.8663
2022-06-06 12:05:59.999,1.8663
2022-06-06 12:06:59.999,1.8663
2022-06-06 12:07:59.999,1.8663
2022-06-06 12:08:59.999,1.8663
2022-06-06 12:09:59.999,1.8663
2022-06-06 12:10:59.999,1.8663
2022-06-06 12:11:59.999,1.8685
2022-06-06 12:12:59.999,1.8685
2022-06-06 12:13:59.999,1.8685
2022-06-06 12:14:59.999,1.8685
2022-06-06 12:15:59.999,1.8658
2022-06-06 12:16:59.999,1.8658
2022-06-06 12:17:59.999,1.8658
2022-06-06 12:18:59.999,1.8658
2022-06-06 12:19:59.999,1.8658
2022-06-06 12:20:59.999,1.8658
2022-06-06 12:21:59.999,1.8658
2022-06-06 12:22:59.999,1.8658
2022-06-06 12:23:59.999,1.8658
2022-06-06 12:24:59.999,1.8658
2022-06-06 12:25:59.999,1.8503
2022-06-06 12:26:59.999,1.8503
2022-06-06 12:27:59.999,1.8503
2022-06-06 12:28:59.999,1.8503
2022-06-06 12:29:59.999,1.8503
2022-06-06 12:30:59.999,1.8503
2022-06-06 12:31:59.999,1.8503
2022-06-06 12:32:59.999,1.8647
2022-06-06 12:33:59.999,1.8647
2022-06-06 12:34:59.999,1.8647
2022-06-06 12:35:59.999,1.8647
2022-06-06 12:36:59.999,1.8727
2022-06-06 12:37:59.999,1.8607
2022-06-06 12:38:59.999,1.8607
2022-06-06 12:39:59.999,1.8607
2022-06-06 12:40:59.999,1.8607
2022-06-06 12:41:59.999,1.8607
2022-06-06 12:42:59.999,1.8607
2022-06-06 12:43:59.999,1.8607
2022-06-06 12:44:59.999,1.8607
2022-06-06 12:45:59.999,1.8607
2022-06-06 12:46:59.999,1.8607
2022-06-06 12:47:59.999,1.8607
2022-06-06 12:48:59.999,1.8607
2022-06-06 12:49:59.999,1.8607
2022-06-06 12:50:59.999,1.8607
2022-06-06 12:51:59.999,1.8607
2022-06-06 12:52:59.999,1.8607
2022-06-06 12:53:59.999,1.8607
2022-06-06 12:54:59.999,1.8607
2022-06-06 12:55:59.999,1.8547
2022-06-06 12:56:59.999,1.8547
2022-06-06 12:57:59.999,1.8547
2022-06-06 12:58:59.999,1.8547
2022-06-06 12:59:59.999,1.8547
2022-06-06 13:00:59.999,1.8547
2022-06-06 13:01:59.999,1.8547
2022-06-06 13:02:59.999,1.8547
2022-06-06 13:03:59.999,1.8576
2022-06-06 13:04:59.999,1.8576
2022-06-06 13:05:59.999,1.8582
2022-06-06 13:06:59.999,1.8582
2022-06-06 13:07:59.999,1.8582
2022-06-06 13:08:59.999,1.8582
2022-06-06 13:09:59.999,1.8582
2022-06-06 13:10:59.999,1.8582
2022-06-06 13:11:59.999,1.8582
2022-06-06 13:12:59.999,1.8582
2022-06-06 13:13:59.999,1.8582
2022-06-06 13:14:59.999,1.8582
2022-06-06 13:15:59.999,1.8582
2022-06-06 13:16:59.999,1.8582
2022-06-06 13:17:59.999,1.8582
2022-06-06 13:18:59.999,1.8582
2022-06-06 13:19:59.999,1.8582
2022-06-06 13:20:59.999,1.8582
2022-06-06 13:21:59.999,1.8582
2022-06-06 13:22:59.999,1.8582
2022-06-06 13:23:59.999,1.8582
2022-06-06 13:24:59.999,1.8582
2022-06-06 13:25:59.999,1.8582
2022-06-06 13:26:59.999,1.8582
2022-06-06 13:27:59.999,1.8582
2022-06-06 13:28:59.999,1.8582
2022-06-06 13:29:59.999,1.8582
2022-06-06 13:30:59.999,1.8582
2022-06-06 13:31:59.999,1.8582
2022-06-06 13:32:59.999,1.8692
2022-06-06 13:33:59.999,1.8692
2022-06-06 13:34:59.999,1.8692
2022-06-06 13:35:59.999,1.8692
2022-06-06 13:36:59.999,1.8692
2022-06-06 13:37:59.999,1.8692
2022-06-06 13:38:59.999,1.8692
2022-06-06 13:39:59.999,1.8692
2022-06-06 13:40:59.999,1.8692
2022-06-06 13:41:59.999,1.8692
2022-06-06 13:42:59.999,1.8782
2022-06-06 13:43:59.999,1.8782
2022-06-06 13:44:59.999,1.8782
2022-06-06 13:45:59.999,1.88
2022-06-06 13:46:59.999,1.88
2022-06-06 13:47:59.999,1.885
2022-06-06 13:48:59.999,1.885
2022-06-06 13:49:59.999,1.885
2022-06-06 13:50:59.999,1.885
2022-06-06 13:51:59.999,1.885
2022-06-06 13:52:59.999,1.885
2022-06-06 13:53:59.999,1.885
2022-06-06 13:54:59.999,1.885
2022-06-06 13:55:59.999,1.885
2022-06-06 13:56:59.999,1.885
2022-06-06 13:57:59.999,1.885
2022-06-06 13:58:59.999,1.885
2022-06-06 13:59:59.999,1.885
2022-06-06 14:00:59.999,1.885
2022-06-06 14:01:59.999,1.885
2022-06-06 14:02:59.999,1.885
2022-06-06 14:03:59.999,1.885
2022-06-06 14:04:59.999,1.885
2022-06-06 14:05:59.999,1.8805
2022-06-06 14:06:59.999,1.8805
2022-06-06 14:07:59.999,1.8805
2022-06-06 14:08:59.999,1.8805
2022-06-06 14:09:59.999,1.8805
2022-06-06 14:10:59.999,1.8805
2022-06-06 14:11:59.999,1.8805
2022-06-06 14:12:59.999,1.8805
2022-06-06 14:13:59.999,1.8805
2022-06-06 14:14:59.999,1.8805
2022-06-06 14:15:59.999,1.8824
2022-06-06 14:16:59.999,1.8824
2022-06-06 14:17:59.999,1.8824
2022-06-06 14:18:59.999,1.8824
2022-06-06 14:19:59.999,1.8824
2022-06-06 14:20:59.999,1.8824
2022-06-06 14:21:59.999,1.8824
2022-06-06 14:22:59.999,1.8824
2022-06-06 14:23:59.999,1.8824
2022-06-06 14:24:59.999,1.8824
2022-06-06 14:25:59.999,1.8824
2022-06-06 14:26:59.999,1.8824
2022-06-06 14:27:59.999,1.8824
2022-06-06 14:28:59.999,1.8824
2022-06-06 14:29:59.999,1.8824
2022-06-06 14:30:59.999,1.8824
2022-06-06 14:31:59.999,1.8824
2022-06-06 14:32:59.999,1.8824
2022-06-06 14:33:59.999,1.8824
2022-06-06 14:34:59.999,1.8824
2022-06-06 14:35:59.999,1.8824
2022-06-06 14:36:59.999,1.8824
2022-06-06 14:37:59.999,1.8824
2022-06-06 14:38:59.999,1.8824
2022-06-06 14:39:59.999,1.8824
2022-06-06 14:40:59.999,1.8824
2022-06-06 14:41:59.999,1.8824
2022-06-06 14:42:59.999,1.8824
2022-06-06 14:43:59.999,1.8708
2022-06-06 14:44:59.999,1.8708
2022-06-06 14:45:59.999,1.8708
2022-06-06 14:46:59.999,1.8708
2022-06-06 14:47:59.999,1.8708
2022-06-06 14:48:59.999,1.8708
2022-06-06 14:49:59.999,1.8708
2022-06-06 14:50:59.999,1.8708
2022-06-06 14:51:59.999,1.8708
2022-06-06 14:52:59.999,1.8708
2022-06-06 14:53:59.999,1.8708
2022-06-06 14:54:59.999,1.8708
2022-06-06 14:55:59.999,1.8708
2022-06-06 14:56:59.999,1.8708
2022-06-06 14:57:59.999,1.8708
2022-06-06 14:58:59.999,1.8708
2022-06-06 14:59:59.999,1.8708
2022-06-06 15:00:59.999,1.8708
2022-06-06 15:01:59.999,1.8708
2022-06-06 15:02:59.999,1.8674
2022-06-06 15:03:59.999,1.8674
2022-06-06 15:04:59.999,1.8674
2022-06-06 15:05:59.999,1.8674
2022-06-06 15:06:59.999,1.8674
2022-06-06 15:07:59.999,1.8674
2022-06-06 15:08:59.999,1.8674
2022-06-06 15:09:59.999,1.8674
2022-06-06 15:10:59.999,1.8674
2022-06-06 15:11:59.999,1.8674
2022-06-06 15:12:59.999,1.8674
2022-06-06 15:13:59.999,1.8674
2022-06-06 15:14:59.999,1.8674
2022-06-06 15:15:59.999,1.8674
2022-06-06 15:16:59.999,1.8674
2022-06-06 15:17:59.999,1.8674
2022-06-06 15:18:59.999,1.8674
2022-06-06 15:19:59.999,1.8674
2022-06-06 15:20:59.999,1.8674
2022-06-06 15:21:59.999,1.8674
2022-06-06 15:22:59.999,1.8674
2022-06-06 15:23:59.999,1.8678
2022-06-06 15:24:59.999,1.8678
2022-06-06 15:25:59.999,1.8674
2022-06-06 15:26:59.999,1.8674
2022-06-06 15:27:59.999,1.8674
2022-06-06 15:28:59.999,1.8674
2022-06-06 15:29:59.999,1.8674
2022-06-06 15:30:59.999,1.8674
2022-06-06 15:31:59.999,1.8674
2022-06-06 15:32:59.999,1.8674
2022-06-06 15:33:59.999,1.8674
2022-06-06 15:34:59.999,1.8674
2022-06-06 15:35:59.999,1.8674
2022-06-06 15:36:59.999,1.8674
2022-06-06 15:37:59.999,1.8674
2022-06-06 15:38:59.999,1.8674
2022-06-06 15:39:59.999,1.8674
2022-06-06 15:40:59.999,1.8674
2022-06-06 15:41:59.999,1.8674
2022-06-06 15:42:59.999,1.8674
2022-06-06 15:43:59.999,1.8674
2022-06-06 15:44:59.999,1.8674
2022-06-06 15:45:59.999,1.8729
2022-06-06 15:46:59.999,1.8729
2022-06-06 15:47:59.999,1.8729
2022-06-06 15:48:59.999,1.8729
2022-06-06 15:49:59.999,1.8729
2022-06-06 15:50:59.999,1.8729
2022-06-06 15:51:59.999,1.8729
2022-06-06 15:52:59.999,1.8729
2022-06-06 15:53:59.999,1.8729
2022-06-06 15:54:59.999,1.8729
2022-06-06 15:55:59.999,1.8729
2022-06-06 15:56:59.999,1.8729
2022-06-06 15:57:59.999,1.8729
2022-06-06 15:58:59.999,1.8729
2022-06-06 15:59:59.999,1.8729
2022-06-06 16:00:59.999,1.8729
2022-06-06 16:01:59.999,1.8729
2022-06-06 16:02:59.999,1.8729
2022-06-06 16:03:59.999,1.8729
2022-06-06 16:04:59.999,1.8729
2022-06-06 16:05:59.999,1.8729
2022-06-06 16:06:59.999,1.8729
2022-06-06 16:07:59.999,1.8729
2022-06-06 16:08:59.999,1.8729
2022-06-06 16:09:59.999,1.8729
2022-06-06 16:10:59.999,1.8729
2022-06-06 16:11:59.999,1.8729
2022-06-06 16:12:59.999,1.8729
2022-06-06 16:13:59.999,1.8729
2022-06-06 16:14:59.999,1.8729
2022-06-06 16:15:59.999,1.8729
2022-06-06 16:16:59.999,1.8729
2022-06-06 16:17:59.999,1.8729
2022-06-06 16:18:59.999,1.8729
2022-06-06 16:19:59.999,1.8729
2022-06-06 16:20:59.999,1.8707
2022-06-06 16:21:59.999,1.8707
2022-06-06 16:22:59.999,1.8707
2022-06-06 16:23:59.999,1.8707
2022-06-06 16:24:59.999,1.8707
2022-06-06 16:25:59.999,1.8668
2022-06-06 16:26:59.999,1.8668
2022-06-06 16:27:59.999,1.8668
2022-06-06 16:28:59.999,1.8667
2022-06-06 16:29:59.999,1.8667
2022-06-06 16:30:59.999,1.8667
2022-06-06 16:31:59.999,1.8667
2022-06-06 16:32:59.999,1.8667
2022-06-06 16:33:59.999,1.8667
2022-06-06 16:34:59.999,1.8667
2022-06-06 16:35:59.999,1.8667
2022-06-06 16:36:59.999,1.8667
2022-06-06 16:37:59.999,1.8667
2022-06-06 16:38:59.999,1.8667
2022-06-06 16:39:59.999,1.8667
2022-06-06 16:40:59.999,1.8667
2022-06-06 16:41:59.999,1.8667
2022-06-06 16:42:59.999,1.8667
2022-06-06 16:43:59.999,1.8667
2022-06-06 16:44:59.999,1.8667
2022-06-06 16:45:59.999,1.8667
2022-06-06 16:46:59.999,1.8667
2022-06-06 16:47:59.999,1.8667
2022-06-06 16:48:59.999,1.8667
2022-06-06 16:49:59.999,1.8867
2022-06-06 16:50:59.999,1.8867
2022-06-06 16:51:59.999,1.8867
2022-06-06 16:52:59.999,1.8867
2022-06-06 16:53:59.999,1.8867
2022-06-06 16:54:59.999,1.8867
2022-06-06 16:55:59.999,1.8867
2022-06-06 16:56:59.999,1.8867
2022-06-06 16:57:59.999,1.8867
2022-06-06 16:58:59.999,1.8867
2022-06-06 16:59:59.999,1.8867
2022-06-06 17:00:59.999,1.8867
2022-06-06 17:01:59.999,1.8867
2022-06-06 17:02:59.999,1.8867
2022-06-06 17:03:59.999,1.8867
2022-06-06 17:04:59.999,1.8867
2022-06-06 17:05:59.999,1.8867
2022-06-06 17:06:59.999,1.8867
2022-06-06 17:07:59.999,1.8867
2022-06-06 17:08:59.999,1.8867
2022-06-06 17:09:59.999,1.8867
2022-06-06 17:10:59.999,1.8867
2022-06-06 17:11:59.999,1.8867
2022-06-06 17:12:59.999,1.8867
2022-06-06 17:13:59.999,1.8867
2022-06-06 17:14:59.999,1.8867
2022-06-06 17:15:59.999,1.9034
2022-06-06 17:16:59.999,1.9034
2022-06-06 17:17:59.999,1.8977
2022-06-06 17:18:59.999,1.8977
2022-06-06 17:19:59.999,1.8977
2022-06-06 17:20:59.999,1.8997
2022-06-06 17:21:59.999,1.8997
2022-06-06 17:22:59.999,1.8997
2022-06-06 17:23:59.999,1.8997
2022-06-06 17:24:59.999,1.8997
2022-06-06 17:25:59.999,1.8997
2022-06-06 17:26:59.999,1.8997
2022-06-06 17:27:59.999,1.8997
2022-06-06 17:28:59.999,1.8997
2022-06-06 17:29:59.999,1.8997
2022-06-06 17:30:59.999,1.8997
2022-06-06 17:31:59.999,1.8997
2022-06-06 17:32:59.999,1.8997
2022-06-06 17:33:59.999,1.8997
2022-06-06 17:34:59.999,1.8997
2022-06-06 17:35:59.999,1.8997
2022-06-06 17:36:59.999,1.8899
2022-06-06 17:37:59.999,1.8899
2022-06-06 17:38:59.999,1.8899
2022-06-06 17:39:59.999,1.8899
2022-06-06 17:40:59.999,1.8921
2022-06-06 17:41:59.999,1.8921
2022-06-06 17:42:59.999,1.8921
2022-06-06 17:43:59.999,1.8921
2022-06-06 17:44:59.999,1.8921
2022-06-06 17:45:59.999,1.8921
2022-06-06 17:46:59.999,1.8921
2022-06-06 17:47:59.999,1.8921
2022-06-06 17:48:59.999,1.8921
2022-06-06 17:49:59.999,1.8921
2022-06-06 17:50:59.999,1.8921
2022-06-06 17:51:59.999,1.8921
2022-06-06 17:52:59.999,1.8921
2022-06-06 17:53:59.999,1.8921
2022-06-06 17:54:59.999,1.8921
2022-06-06 17:55:59.999,1.8921
2022-06-06 17:56:59.999,1.8921
2022-06-06 17:57:59.999,1.8921
2022-06-06 17:58:59.999,1.8921
2022-06-06 17:59:59.999,1.8921
2022-06-06 18:00:59.999,1.8921
2022-06-06 18:01:59.999,1.8921
2022-06-06 18:02:59.999,1.8921
2022-06-06 18:03:59.999,1.8945
2022-06-06 18:04:59.999,1.8945
2022-06-06 18:05:59.999,1.8945
2022-06-06 18:06:59.999,1.891
2022-06-06 18:07:59.999,1.891
2022-06-06 18:08:59.999,1.891
2022-06-06 18:09:59.999,1.891
2022-06-06 18:10:59.999,1.891
2022-06-06 18:11:59.999,1.891
2022-06-06 18:12:59.999,1.891
2022-06-06 18:13:59.999,1.891
2022-06-06 18:14:59.999,1.891
2022-06-06 18:15:59.999,1.891
2022-06-06 18:16:59.999,1.891
2022-06-06 18:17:59.999,1.8888
2022-06-06 18:18:59.999,1.8888
2022-06-06 18:19:59.999,1.8888
2022-06-06 18:20:59.999,1.8888
2022-06-06 18:21:59.999,1.8888
2022-06-06 18:22:59.999,1.8888
2022-06-06 18:23:59.999,1.8888
2022-06-06 18:24:59.999,1.8888
2022-06-06 18:25:59.999,1.8888
2022-06-06 18:26:59.999,1.8888
2022-06-06 18:27:59.999,1.8888
2022-06-06 18:28:59.999,1.8888
2022-06-06 18:29:59.999,1.8888
2022-06-06 18:30:59.999,1.9002
2022-06-06 18:31:59.999,1.9004
2022-06-06 18:32:59.999,1.9016
2022-06-06 18:33:59.999,1.9016
2022-06-06 18:34:59.999,1.9018
2022-06-06 18:35:59.999,1.9018
2022-06-06 18:36:59.999,1.9018
2022-06-06 18:37:59.999,1.9018
2022-06-06 18:38:59.999,1.9018
2022-06-06 18:39:59.999,1.9018
2022-06-06 18:40:59.999,1.9018
2022-06-06 18:41:59.999,1.9004
2022-06-06 18:42:59.999,1.9025
2022-06-06 18:43:59.999,1.8969
2022-06-06 18:44:59.999,1.8992
2022-06-06 18:45:59.999,1.8992
2022-06-06 18:46:59.999,1.8992
2022-06-06 18:47:59.999,1.8992
2022-06-06 18:48:59.999,1.8992
2022-06-06 18:49:59.999,1.8992
2022-06-06 18:50:59.999,1.8992
2022-06-06 18:51:59.999,1.8992
2022-06-06 18:52:59.999,1.8992
2022-06-06 18:53:59.999,1.8992
2022-06-06 18:54:59.999,1.8992
2022-06-06 18:55:59.999,1.8992
2022-06-06 18:56:59.999,1.8992
2022-06-06 18:57:59.999,1.9056
2022-06-06 18:58:59.999,1.9137
2022-06-06 18:59:59.999,1.9094
2022-06-06 19:00:59.999,1.9094
2022-06-06 19:01:59.999,1.9031
2022-06-06 19:02:59.999,1.9031
2022-06-06 19:03:59.999,1.9031
2022-06-06 19:04:59.999,1.9031
2022-06-06 19:05:59.999,1.9031
2022-06-06 19:06:59.999,1.9031
2022-06-06 19:07:59.999,1.9031
2022-06-06 19:08:59.999,1.9031
2022-06-06 19:09:59.999,1.9031
2022-06-06 19:10:59.999,1.9031
2022-06-06 19:11:59.999,1.9031
2022-06-06 19:12:59.999,1.9031
2022-06-06 19:13:59.999,1.9031
2022-06-06 19:14:59.999,1.902
2022-06-06 19:15:59.999,1.902
2022-06-06 19:16:59.999,1.9038
2022-06-06 19:17:59.999,1.9038
2022-06-06 19:18:59.999,1.9038
2022-06-06 19:19:59.999,1.9038
2022-06-06 19:20:59.999,1.9038
2022-06-06 19:21:59.999,1.9038
2022-06-06 19:22:59.999,1.9038
2022-06-06 19:23:59.999,1.9038
2022-06-06 19:24:59.999,1.9038
2022-06-06 19:25:59.999,1.9038
2022-06-06 19:26:59.999,1.9042
2022-06-06 19:27:59.999,1.9042
2022-06-06 19:28:59.999,1.9042
2022-06-06 19:29:59.999,1.9061
2022-06-06 19:30:59.999,1.9061
2022-06-06 19:31:59.999,1.9061
2022-06-06 19:32:59.999,1.9061
2022-06-06 19:33:59.999,1.9042
2022-06-06 19:34:59.999,1.9042
2022-06-06 19:35:59.999,1.9042
2022-06-06 19:36:59.999,1.9042
2022-06-06 19:37:59.999,1.9042
2022-06-06 19:38:59.999,1.9042
2022-06-06 19:39:59.999,1.9042
2022-06-06 19:40:59.999,1.9086
2022-06-06 19:41:59.999,1.9086
2022-06-06 19:42:59.999,1.9086
2022-06-06 19:43:59.999,1.9086
2022-06-06 19:44:59.999,1.9086
2022-06-06 19:45:59.999,1.9086
2022-06-06 19:46:59.999,1.9086
2022-06-06 19:47:59.999,1.9086
2022-06-06 19:48:59.999,1.9086
2022-06-06 19:49:59.999,1.9086
2022-06-06 19:50:59.999,1.9086
2022-06-06 19:51:59.999,1.9086
2022-06-06 19:52:59.999,1.9103
2022-06-06 19:53:59.999,1.9103
2022-06-06 19:54:59.999,1.9103
2022-06-06 19:55:59.999,1.9103
2022-06-06 19:56:59.999,1.9103
2022-06-06 19:57:59.999,1.9103
2022-06-06 19:58:59.999,1.9144
2022-06-06 19:59:59.999,1.9144
2022-06-06 20:00:59.999,1.9144
2022-06-06 20:01:59.999,1.9144
2022-06-06 20:02:59.999,1.9144
2022-06-06 20:03:59.999,1.9144
2022-06-06 20:04:59.999,1.9144
2022-06-06 20:05:59.999,1.9144
2022-06-06 20:06:59.999,1.9144
2022-06-06 20:07:59.999,1.9144
2022-06-06 20:08:59.999,1.9144
2022-06-06 20:09:59.999,1.9144
2022-06-06 20:10:59.999,1.9144
2022-06-06 20:11:59.999,1.9144
2022-06-06 20:12:59.999,1.9144
2022-06-06 20:13:59.999,1.9144
2022-06-06 20:14:59.999,1.9144
2022-06-06 20:15:59.999,1.9144
2022-06-06 20:16:59.999,1.9144
2022-06-06 20:17:59.999,1.9144
2022-06-06 20:18:59.999,1.9144
2022-06-06 20:19:59.999,1.9144
2022-06-06 20:20:59.999,1.9144
2022-06-06 20:21:59.999,1.9144
2022-06-06 20:22:59.999,1.9144
2022-06-06 20:23:59.999,1.9144
2022-06-06 20:24:59.999,1.9144
2022-06-06 20:25:59.999,1.9144
2022-06-06 20:26:59.999,1.9144
2022-06-06 20:27:59.999,1.9144
2022-06-06 20:28:59.999,1.9144
2022-06-06 20:29:59.999,1.9144
2022-06-06 20:30:59.999,1.9144
2022-06-06 20:31:59.999,1.9144
2022-06-06 20:32:59.999,1.9144
2022-06-06 20:33:59.999,1.9144
2022-06-06 20:34:59.999,1.9144
2022-06-06 20:35:59.999,1.9144
2022-06-06 20:36:59.999,1.9144
2022-06-06 20:37:59.999,1.9144
2022-06-06 20:38:59.999,1.9144
2022-06-06 20:39:59.999,1.9145
2022-06-06 20:40:59.999,1.9145
2022-06-06 20:41:59.999,1.9145
2022-06-06 20:42:59.999,1.9145
2022-06-06 20:43:59.999,1.9145
2022-06-06 20:44:59.999,1.9145
2022-06-06 20:45:59.999,1.9145
2022-06-06 20:46:59.999,1.9135
2022-06-06 20:47:59.999,1.9344
2022-06-06 20:48:59.999,1.9344
2022-06-06 20:49:59.999,1.9344
2022-06-06 20:50:59.999,1.9344
2022-06-06 20:51:59.999,1.9269
2022-06-06 20:52:59.999,1.9269
2022-06-06 20:53:59.999,1.9269
2022-06-06 20:54:59.999,1.928
2022-06-06 20:55:59.999,1.928
2022-06-06 20:56:59.999,1.928
2022-06-06 20:57:59.999,1.928
2022-06-06 20:58:59.999,1.928
2022-06-06 20:59:59.999,1.9254
2022-06-06 21:00:59.999,1.9254
2022-06-06 21:01:59.999,1.9254
2022-06-06 21:02:59.999,1.9254
2022-06-06 21:03:59.999,1.9248
2022-06-06 21:04:59.999,1.9248
2022-06-06 21:05:59.999,1.9248
2022-06-06 21:06:59.999,1.9248
2022-06-06 21:07:59.999,1.9248
2022-06-06 21:08:59.999,1.9248
2022-06-06 21:09:59.999,1.9248
2022-06-06 21:10:59.999,1.9248
2022-06-06 21:11:59.999,1.9248
2022-06-06 21:12:59.999,1.9085
2022-06-06 21:13:59.999,1.9085
2022-06-06 21:14:59.999,1.91
2022-06-06 21:15:59.999,1.91
2022-06-06 21:16:59.999,1.91
2022-06-06 21:17:59.999,1.91
2022-06-06 21:18:59.999,1.9143
2022-06-06 21:19:59.999,1.9143
2022-06-06 21:20:59.999,1.9107
2022-06-06 21:21:59.999,1.9107
2022-06-06 21:22:59.999,1.9107
2022-06-06 21:23:59.999,1.9107
2022-06-06 21:24:59.999,1.9107
2022-06-06 21:25:59.999,1.9107
2022-06-06 21:26:59.999,1.9107
2022-06-06 21:27:59.999,1.9107
2022-06-06 21:28:59.999,1.9067
2022-06-06 21:29:59.999,1.9067
2022-06-06 21:30:59.999,1.9067
2022-06-06 21:31:59.999,1.9067
2022-06-06 21:32:59.999,1.9067
2022-06-06 21:33:59.999,1.9067
2022-06-06 21:34:59.999,1.9067
2022-06-06 21:35:59.999,1.9067
2022-06-06 21:36:59.999,1.9067
2022-06-06 21:37:59.999,1.9067
2022-06-06 21:38:59.999,1.9067
2022-06-06 21:39:59.999,1.9067
2022-06-06 21:40:59.999,1.9067
2022-06-06 21:41:59.999,1.9067
2022-06-06 21:42:59.999,1.9001
2022-06-06 21:43:59.999,1.9001
2022-06-06 21:44:59.999,1.9001
2022-06-06 21:45:59.999,1.9001
2022-06-06 21:46:59.999,1.9001
2022-06-06 21:47:59.999,1.9001
2022-06-06 21:48:59.999,1.9001
2022-06-06 21:49:59.999,1.9001
2022-06-06 21:50:59.999,1.8946
2022-06-06 21:51:59.999,1.8946
2022-06-06 21:52:59.999,1.8946
2022-06-06 21:53:59.999,1.8946
2022-06-06 21:54:59.999,1.8946
2022-06-06 21:55:59.999,1.8946
2022-06-06 21:56:59.999,1.8946
2022-06-06 21:57:59.999,1.8946
2022-06-06 21:58:59.999,1.8946
2022-06-06 21:59:59.999,1.8946
2022-06-06 22:00:59.999,1.8946
2022-06-06 22:01:59.999,1.8946
2022-06-06 22:02:59.999,1.8946
2022-06-06 22:03:59.999,1.8946
2022-06-06 22:04:59.999,1.9024
2022-06-06 22:05:59.999,1.9024
2022-06-06 22:06:59.999,1.9024
2022-06-06 22:07:59.999,1.9024
2022-06-06 22:08:59.999,1.9024
2022-06-06 22:09:59.999,1.9024
2022-06-06 22:10:59.999,1.9024
2022-06-06 22:11:59.999,1.9024
2022-06-06 22:12:59.999,1.9024
2022-06-06 22:13:59.999,1.9024
2022-06-06 22:14:59.999,1.9024
2022-06-06 22:15:59.999,1.9024
2022-06-06 22:16:59.999,1.9024
2022-06-06 22:17:59.999,1.9024
2022-06-06 22:18:59.999,1.9024
2022-06-06 22:19:59.999,1.8874
2022-06-06 22:20:59.999,1.8874
2022-06-06 22:21:59.999,1.8874
2022-06-06 22:22:59.999,1.8874
2022-06-06 22:23:59.999,1.8874
2022-06-06 22:24:59.999,1.8874
2022-06-06 22:25:59.999,1.8874
2022-06-06 22:26:59.999,1.8874
2022-06-06 22:27:59.999,1.8874
2022-06-06 22:28:59.999,1.8874
2022-06-06 22:29:59.999,1.8874
2022-06-06 22:30:59.999,1.8874
2022-06-06 22:31:59.999,1.8874
2022-06-06 22:32:59.999,1.8874
2022-06-06 22:33:59.999,1.8874
2022-06-06 22:34:59.999,1.8874
2022-06-06 22:35:59.999,1.8874
2022-06-06 22:36:59.999,1.8874
2022-06-06 22:37:59.999,1.8874
2022-06-06 22:38:59.999,1.8874
2022-06-06 22:39:59.999,1.8874
2022-06-06 22:40:59.999,1.8874
2022-06-06 22:41:59.999,1.8874
2022-06-06 22:42:59.999,1.8874
2022-06-06 22:43:59.999,1.8874
2022-06-06 22:44:59.999,1.8874
2022-06-06 22:45:59.999,1.8874
2022-06-06 22:46:59.999,1.8874
2022-06-06 22:47:59.999,1.8874
2022-06-06 22:48:59.999,1.8874
2022-06-06 22:49:59.999,1.8874
2022-06-06 22:50:59.999,1.8874
2022-06-06 22:51:59.999,1.8874
2022-06-06 22:52:59.999,1.8874
2022-06-06 22:53:59.999,1.8874
2022-06-06 22:54:59.999,1.8874
2022-06-06 22:55:59.999,1.8874
2022-06-06 22:56:59.999,1.8874
2022-06-06 22:57:59.999,1.8874
2022-06-06 22:58:59.999,1.8874
2022-06-06 22:59:59.999,1.8874
2022-06-06 23:00:59.999,1.8874
2022-06-06 23:01:59.999,1.8874
2022-06-06 23:02:59.999,1.8874
2022-06-06 23:03:59.999,1.8874
2022-06-06 23:04:59.999,1.8874
2022-06-06 23:05:59.999,1.8874
2022-06-06 23:06:59.999,1.8874
2022-06-06 23:07:59.999,1.8874
2022-06-06 23:08:59.999,1.8989
2022-06-06 23:09:59.999,1.8989
2022-06-06 23:10:59.999,1.8989
2022-06-06 23:11:59.999,1.8989
2022-06-06 23:12:59.999,1.8965
2022-06-06 23:13:59.999,1.8965
2022-06-06 23:14:59.999,1.8965
2022-06-06 23:15:59.999,1.8915
2022-06-06 23:16:59.999,1.8915
2022-06-06 23:17:59.999,1.8915
2022-06-06 23:18:59.999,1.8915
2022-06-06 23:19:59.999,1.8915
2022-06-06 23:20:59.999,1.8886
2022-06-06 23:21:59.999,1.8886
2022-06-06 23:22:59.999,1.8886
2022-06-06 23:23:59.999,1.8886
2022-06-06 23:24:59.999,1.8886
2022-06-06 23:25:59.999,1.8886
2022-06-06 23:26:59.999,1.8886
2022-06-06 23:27:59.999,1.8886
2022-06-06 23:28:59.999,1.8886
2022-06-06 23:29:59.999,1.8886
2022-06-06 23:30:59.999,1.8886
2022-06-06 23:31:59.999,1.8886
2022-06-06 23:32:59.999,1.8886
2022-06-06 23:33:59.999,1.8886
2022-06-06 23:34:59.999,1.8886
2022-06-06 23:35:59.999,1.8886
2022-06-06 23:36:59.999,1.8886
2022-06-06 23:37:59.999,1.8886
2022-06-06 23:38:59.999,1.8886
2022-06-06 23:39:59.999,1.8886
2022-06-06 23:40:59.999,1.8886
2022-06-06 23:41:59.999,1.8886
2022-06-06 23:42:59.999,1.8886
2022-06-06 23:43:59.999,1.8886
2022-06-06 23:44:59.999,1.8886
2022-06-06 23:45:59.999,1.8886
2022-06-06 23:46:59.999,1.8886
2022-06-06 23:47:59.999,1.8886
2022-06-06 23:48:59.999,1.8886
2022-06-06 23:49:59.999,1.8886
2022-06-06 23:50:59.999,1.8886
2022-06-06 23:51:59.999,1.8886
2022-06-06 23:52:59.999,1.8886
2022-06-06 23:53:59.999,1.8886
2022-06-06 23:54:59.999,1.8886
2022-06-06 23:55:59.999,1.8886
2022-06-06 23:56:59.999,1.8886
2022-06-06 23:57:59.999,1.8886
2022-06-06 23:58:59.999,1.8886
2022-06-06 23:59:59.999,1.8886
2022-06-07 00:00:59.999,1.8886
2022-06-07 00:01:59.999,1.8886
2022-06-07 00:02:59.999,1.8886
2022-06-07 00:03:59.999,1.8886
2022-06-07 00:04:59.999,1.8885
2022-06-07 00:05:59.999,1.8885
2022-06-07 00:06:59.999,1.8885
2022-06-07 00:07:59.999,1.8913
2022-06-07 00:08:59.999,1.8913
2022-06-07 00:09:59.999,1.8913
2022-06-07 00:10:59.999,1.8913
2022-06-07 00:11:59.999,1.8913
2022-06-07 00:12:59.999,1.8913
2022-06-07 00:13:59.999,1.8913
2022-06-07 00:14:59.999,1.8913
2022-06-07 00:15:59.999,1.8913
2022-06-07 00:16:59.999,1.8913
2022-06-07 00:17:59.999,1.8913
2022-06-07 00:18:59.999,1.8913
2022-06-07 00:19:59.999,1.899
2022-06-07 00:20:59.999,1.899
2022-06-07 00:21:59.999,1.899
2022-06-07 00:22:59.999,1.899
2022-06-07 00:23:59.999,1.899
2022-06-07 00:24:59.999,1.899
2022-06-07 00:25:59.999,1.899
2022-06-07 00:26:59.999,1.899
2022-06-07 00:27:59.999,1.899
2022-06-07 00:28:59.999,1.899
2022-06-07 00:29:59.999,1.899
2022-06-07 00:30:59.999,1.899
2022-06-07 00:31:59.999,1.899
2022-06-07 00:32:59.999,1.899
2022-06-07 00:33:59.999,1.899
2022-06-07 00:34:59.999,1.899
2022-06-07 00:35:59.999,1.899
2022-06-07 00:36:59.999,1.899
2022-06-07 00:37:59.999,1.899
2022-06-07 00:38:59.999,1.899
2022-06-07 00:39:59.999,1.899
2022-06-07 00:40:59.999,1.899
2022-06-07 00:41:59.999,1.9059
2022-06-07 00:42:59.999,1.9059
2022-06-07 00:43:59.999,1.9059
2022-06-07 00:44:59.999,1.9059
2022-06-07 00:45:59.999,1.9059
2022-06-07 00:46:59.999,1.9059
2022-06-07 00:47:59.999,1.9059
2022-06-07 00:48:59.999,1.9059
2022-06-07 00:49:59.999,1.9059
2022-06-07 00:50:59.999,1.9059
2022-06-07 00:51:59.999,1.9059
2022-06-07 00:52:59.999,1.9059
2022-06-07 00:53:59.999,1.9059
2022-06-07 00:54:59.999,1.9059
2022-06-07 00:55:59.999,1.9059
2022-06-07 00:56:59.999,1.9059
2022-06-07 00:57:59.999,1.9059
2022-06-07 00:58:59.999,1.9059
2022-06-07 00:59:59.999,1.9059
2022-06-07 01:00:59.999,1.9059
2022-06-07 01:01:59.999,1.9059
2022-06-07 01:02:59.999,1.9059
2022-06-07 01:03:59.999,1.9059
2022-06-07 01:04:59.999,1.9059
2022-06-07 01:05:59.999,1.9059
2022-06-07 01:06:59.999,1.9059
2022-06-07 01:07:59.999,1.9059
2022-06-07 01:08:59.999,1.9059
2022-06-07 01:09:59.999,1.9059
2022-06-07 01:10:59.999,1.9059
2022-06-07 01:11:59.999,1.9059
2022-06-07 01:12:59.999,1.9059
2022-06-07 01:13:59.999,1.9059
2022-06-07 01:14:59.999,1.9059
2022-06-07 01:15:59.999,1.9059
2022-06-07 01:16:59.999,1.9059
2022-06-07 01:17:59.999,1.9059
2022-06-07 01:18:59.999,1.9059
2022-06-07 01:19:59.999,1.9059
2022-06-07 01:20:59.999,1.9059
2022-06-07 01:21:59.999,1.9059
2022-06-07 01:22:59.999,1.9059
2022-06-07 01:23:59.999,1.9059
2022-06-07 01:24:59.999,1.9059
2022-06-07 01:25:59.999,1.8664
2022-06-07 01:26:59.999,1.8588
2022-06-07 01:27:59.999,1.8729
2022-06-07 01:28:59.999,1.8729
2022-06-07 01:29:59.999,1.8729
2022-06-07 01:30:59.999,1.8729
2022-06-07 01:31:59.999,1.8729
2022-06-07 01:32:59.999,1.8729
2022-06-07 01:33:59.999,1.8729
2022-06-07 01:34:59.999,1.8729
2022-06-07 01:35:59.999,1.8729
2022-06-07 01:36:59.999,1.8729
2022-06-07 01:37:59.999,1.8729
2022-06-07 01:38:59.999,1.8729
2022-06-07 01:39:59.999,1.8729
2022-06-07 01:40:59.999,1.8729
2022-06-07 01:41:59.999,1.8729
2022-06-07 01:42:59.999,1.8729
2022-06-07 01:43:59.999,1.8729
2022-06-07 01:44:59.999,1.8729
2022-06-07 01:45:59.999,1.8729
2022-06-07 01:46:59.999,1.8729
2022-06-07 01:47:59.999,1.8729
2022-06-07 01:48:59.999,1.8729
2022-06-07 01:49:59.999,1.8729
2022-06-07 01:50:59.999,1.8729
2022-06-07 01:51:59.999,1.8729
2022-06-07 01:52:59.999,1.8729
2022-06-07 01:53:59.999,1.8729
2022-06-07 01:54:59.999,1.8729
2022-06-07 01:55:59.999,1.8729
2022-06-07 01:56:59.999,1.8729
2022-06-07 01:57:59.999,1.8729
2022-06-07 01:58:59.999,1.8729
2022-06-07 01:59:59.999,1.8729
2022-06-07 02:00:59.999,1.8729
2022-06-07 02:01:59.999,1.8729
2022-06-07 02:02:59.999,1.8729
2022-06-07 02:03:59.999,1.8729
2022-06-07 02:04:59.999,1.8729
2022-06-07 02:05:59.999,1.8729
2022-06-07 02:06:59.999,1.8729
2022-06-07 02:07:59.999,1.8729
2022-06-07 02:08:59.999,1.8729
2022-06-07 02:09:59.999,1.8729
2022-06-07 02:10:59.999,1.8729
2022-06-07 02:11:59.999,1.8729
2022-06-07 02:12:59.999,1.8729
2022-06-07 02:13:59.999,1.8729
2022-06-07 02:14:59.999,1.8729
2022-06-07 02:15:59.999,1.8729
2022-06-07 02:16:59.999,1.8729
2022-06-07 02:17:59.999,1.8729
2022-06-07 02:18:59.999,1.8729
2022-06-07 02:19:59.999,1.8729
2022-06-07 02:20:59.999,1.8729
2022-06-07 02:21:59.999,1.8729
2022-06-07 02:22:59.999,1.8729
2022-06-07 02:23:59.999,1.8729
2022-06-07 02:24:59.999,1.85
2022-06-07 02:25:59.999,1.85
2022-06-07 02:26:59.999,1.85
2022-06-07 02:27:59.999,1.85
2022-06-07 02:28:59.999,1.85
2022-06-07 02:29:59.999,1.85
2022-06-07 02:30:59.999,1.85
2022-06-07 02:31:59.999,1.8492
2022-06-07 02:32:59.999,1.8492
2022-06-07 02:33:59.999,1.8534
2022-06-07 02:34:59.999,1.8534
2022-06-07 02:35:59.999,1.8534
2022-06-07 02:36:59.999,1.8534
2022-06-07 02:37:59.999,1.8534
2022-06-07 02:38:59.999,1.8534
2022-06-07 02:39:59.999,1.8534
2022-06-07 02:40:59.999,1.8534
2022-06-07 02:41:59.999,1.8534
2022-06-07 02:42:59.999,1.8534
2022-06-07 02:43:59.999,1.8534
2022-06-07 02:44:59.999,1.8534
2022-06-07 02:45:59.999,1.8534
2022-06-07 02:46:59.999,1.8534
2022-06-07 02:47:59.999,1.8534
2022-06-07 02:48:59.999,1.8534
2022-06-07 02:49:59.999,1.8534
2022-06-07 02:50:59.999,1.8534
2022-06-07 02:51:59.999,1.8534
2022-06-07 02:52:59.999,1.8534
2022-06-07 02:53:59.999,1.8534
2022-06-07 02:54:59.999,1.8534
2022-06-07 02:55:59.999,1.8534
2022-06-07 02:56:59.999,1.8534
2022-06-07 02:57:59.999,1.8534
2022-06-07 02:58:59.999,1.8534
2022-06-07 02:59:59.999,1.8427
2022-06-07 03:00:59.999,1.8427
2022-06-07 03:01:59.999,1.8427
2022-06-07 03:02:59.999,1.8427
2022-06-07 03:03:59.999,1.8427
2022-06-07 03:04:59.999,1.8427
2022-06-07 03:05:59.999,1.8427
2022-06-07 03:06:59.999,1.8427
2022-06-07 03:07:59.999,1.8427
2022-06-07 03:08:59.999,1.8427
2022-06-07 03:09:59.999,1.8427
2022-06-07 03:10:59.999,1.8427
2022-06-07 03:11:59.999,1.839
2022-06-07 03:12:59.999,1.839
2022-06-07 03:13:59.999,1.839
2022-06-07 03:14:59.999,1.839
2022-06-07 03:15:59.999,1.839
2022-06-07 03:16:59.999,1.839
2022-06-07 03:17:59.999,1.839
2022-06-07 03:18:59.999,1.839
2022-06-07 03:19:59.999,1.8377
2022-06-07 03:20:59.999,1.8377
2022-06-07 03:21:59.999,1.8377
2022-06-07 03:22:59.999,1.8377
2022-06-07 03:23:59.999,1.8377
2022-06-07 03:24:59.999,1.8377
2022-06-07 03:25:59.999,1.8377
2022-06-07 03:26:59.999,1.8377
2022-06-07 03:27:59.999,1.8377
2022-06-07 03:28:59.999,1.8377
2022-06-07 03:29:59.999,1.8377
2022-06-07 03:30:59.999,1.8377
2022-06-07 03:31:59.999,1.8377
2022-06-07 03:32:59.999,1.8377
2022-06-07 03:33:59.999,1.8377
2022-06-07 03:34:59.999,1.8377
2022-06-07 03:35:59.999,1.8377
2022-06-07 03:36:59.999,1.8377
2022-06-07 03:37:59.999,1.8377
2022-06-07 03:38:59.999,1.8377
2022-06-07 03:39:59.999,1.8377
2022-06-07 03:40:59.999,1.8377
2022-06-07 03:41:59.999,1.8377
2022-06-07 03:42:59.999,1.8377
2022-06-07 03:43:59.999,1.8377
2022-06-07 03:44:59.999,1.8377
2022-06-07 03:45:59.999,1.8377
2022-06-07 03:46:59.999,1.8377
2022-06-07 03:47:59.999,1.8377
2022-06-07 03:48:59.999,1.8377
2022-06-07 03:49:59.999,1.8377
2022-06-07 03:50:59.999,1.8377
2022-06-07 03:51:59.999,1.8377
2022-06-07 03:52:59.999,1.8377
2022-06-07 03:53:59.999,1.8377
2022-06-07 03:54:59.999,1.8377
2022-06-07 03:55:59.999,1.8377
2022-06-07 03:56:59.999,1.8377
2022-06-07 03:57:59.999,1.8377
2022-06-07 03:58:59.999,1.8377
2022-06-07 03:59:59.999,1.8377
2022-06-07 04:00:59.999,1.8377
2022-06-07 04:01:59.999,1.8377
2022-06-07 04:02:59.999,1.8377
2022-06-07 04:03:59.999,1.8377
2022-06-07 04:04:59.999,1.8377
2022-06-07 04:05:59.999,1.8377
2022-06-07 04:06:59.999,1.8377
2022-06-07 04:07:59.999,1.8377
2022-06-07 04:08:59.999,1.8377
2022-06-07 04:09:59.999,1.8377
2022-06-07 04:10:59.999,1.8377
2022-06-07 04:11:59.999,1.8377
2022-06-07 04:12:59.999,1.8377
2022-06-07 04:13:59.999,1.8377
2022-06-07 04:14:59.999,1.8377
2022-06-07 04:15:59.999,1.8377
2022-06-07 04:16:59.999,1.8377
2022-06-07 04:17:59.999,1.8377
2022-06-07 04:18:59.999,1.8377
2022-06-07 04:19:59.999,1.8377
2022-06-07 04:20:59.999,1.8377
2022-06-07 04:21:59.999,1.8377
2022-06-07 04:22:59.999,1.8377
2022-06-07 04:23:59.999,1.8377
2022-06-07 04:24:59.999,1.8377
2022-06-07 04:25:59.999,1.83
2022-06-07 04:26:59.999,1.83
2022-06-07 04:27:59.999,1.83
2022-06-07 04:28:59.999,1.8291
2022-06-07 04:29:59.999,1.8291
2022-06-07 04:30:59.999,1.8291
2022-06-07 04:31:59.999,1.8291
2022-06-07 04:32:59.999,1.8291
2022-06-07 04:33:59.999,1.8291
2022-06-07 04:34:59.999,1.8291
2022-06-07 04:35:59.999,1.8291
2022-06-07 04:36:59.999,1.8291
2022-06-07 04:37:59.999,1.8291
2022-06-07 04:38:59.999,1.8291
2022-06-07 04:39:59.999,1.8291
2022-06-07 04:40:59.999,1.8291
2022-06-07 04:41:59.999,1.8291
2022-06-07 04:42:59.999,1.8291
2022-06-07 04:43:59.999,1.8291
2022-06-07 04:44:59.999,1.8291
2022-06-07 04:45:59.999,1.8381
2022-06-07 04:46:59.999,1.8381
2022-06-07 04:47:59.999,1.8381
2022-06-07 04:48:59.999,1.8381
2022-06-07 04:49:59.999,1.8381
2022-06-07 04:50:59.999,1.8381
2022-06-07 04:51:59.999,1.8381
2022-06-07 04:52:59.999,1.8381
2022-06-07 04:53:59.999,1.8381
2022-06-07 04:54:59.999,1.8381
2022-06-07 04:55:59.999,1.8381
2022-06-07 04:56:59.999,1.8381
2022-06-07 04:57:59.999,1.8381
2022-06-07 04:58:59.999,1.8381
2022-06-07 04:59:59.999,1.8381
2022-06-07 05:00:59.999,1.8381
2022-06-07 05:01:59.999,1.8381
2022-06-07 05:02:59.999,1.8381
2022-06-07 05:03:59.999,1.8381
2022-06-07 05:04:59.999,1.8381
2022-06-07 05:05:59.999,1.8381
2022-06-07 05:06:59.999,1.8381
2022-06-07 05:07:59.999,1.8381
2022-06-07 05:08:59.999,1.8381
2022-06-07 05:09:59.999,1.8381
2022-06-07 05:10:59.999,1.8381
2022-06-07 05:11:59.999,1.8381
2022-06-07 05:12:59.999,1.8381
2022-06-07 05:13:59.999,1.8381
2022-06-07 05:14:59.999,1.8381
2022-06-07 05:15:59.999,1.8381
2022-06-07 05:16:59.999,1.8381
2022-06-07 05:17:59.999,1.8381
2022-06-07 05:18:59.999,1.8381
2022-06-07 05:19:59.999,1.8381
2022-06-07 05:20:59.999,1.8381
2022-06-07 05:21:59.999,1.8381
2022-06-07 05:22:59.999,1.8381
2022-06-07 05:23:59.999,1.8381
2022-06-07 05:24:59.999,1.8381
2022-06-07 05:25:59.999,1.8381
2022-06-07 05:26:59.999,1.8381
2022-06-07 05:27:59.999,1.8381
2022-06-07 05:28:59.999,1.8381
2022-06-07 05:29:59.999,1.8381
2022-06-07 05:30:59.999,1.8381
2022-06-07 05:31:59.999,1.8381
2022-06-07 05:32:59.999,1.8381
2022-06-07 05:33:59.999,1.8381
2022-06-07 05:34:59.999,1.8381
2022-06-07 05:35:59.999,1.8381
2022-06-07 05:36:59.999,1.8381
2022-06-07 05:37:59.999,1.8381
2022-06-07 05:38:59.999,1.8381
2022-06-07 05:39:59.999,1.8381
2022-06-07 05:40:59.999,1.8381
2022-06-07 05:41:59.999,1.8381
2022-06-07 05:42:59.999,1.8381
2022-06-07 05:43:59.999,1.8381
2022-06-07 05:44:59.999,1.8381
2022-06-07 05:45:59.999,1.8381
2022-06-07 05:46:59.999,1.8381
2022-06-07 05:47:59.999,1.8363
2022-06-07 05:48:59.999,1.8363
2022-06-07 05:49:59.999,1.8363
2022-06-07 05:50:59.999,1.8363
2022-06-07 05:51:59.999,1.8363
2022-06-07 05:52:59.999,1.8363
2022-06-07 05:53:59.999,1.8363
2022-06-07 05:54:59.999,1.8363
2022-06-07 05:55:59.999,1.8363
2022-06-07 05:56:59.999,1.8363
2022-06-07 05:57:59.999,1.8363
2022-06-07 05:58:59.999,1.8363
2022-06-07 05:59:59.999,1.8363
2022-06-07 06:00:59.999,1.8363
2022-06-07 06:01:59.999,1.8363
2022-06-07 06:02:59.999,1.8363
2022-06-07 06:03:59.999,1.8363
2022-06-07 06:04:59.999,1.8363
2022-06-07 06:05:59.999,1.8363
2022-06-07 06:06:59.999,1.8363
2022-06-07 06:07:59.999,1.8363
2022-06-07 06:08:59.999,1.8363
2022-06-07 06:09:59.999,1.8363
2022-06-07 06:10:59.999,1.8363
2022-06-07 06:11:59.999,1.8253
2022-06-07 06:12:59.999,1.8253
2022-06-07 06:13:59.999,1.8253
2022-06-07 06:14:59.999,1.8253
2022-06-07 06:15:59.999,1.8253
2022-06-07 06:16:59.999,1.8253
2022-06-07 06:17:59.999,1.8253
2022-06-07 06:18:59.999,1.8253
2022-06-07 06:19:59.999,1.8253
2022-06-07 06:20:59.999,1.8253
2022-06-07 06:21:59.999,1.8253
2022-06-07 06:22:59.999,1.8253
2022-06-07 06:23:59.999,1.8253
2022-06-07 06:24:59.999,1.8253
2022-06-07 06:25:59.999,1.8253
2022-06-07 06:26:59.999,1.8253
2022-06-07 06:27:59.999,1.8253
2022-06-07 06:28:59.999,1.8253
2022-06-07 06:29:59.999,1.8253
2022-06-07 06:30:59.999,1.8253
2022-06-07 06:31:59.999,1.8253
2022-06-07 06:32:59.999,1.8253
2022-06-07 06:33:59.999,1.8253
2022-06-07 06:34:59.999,1.8253
2022-06-07 06:35:59.999,1.8253
2022-06-07 06:36:59.999,1.8253
2022-06-07 06:37:59.999,1.8253
2022-06-07 06:38:59.999,1.8253
2022-06-07 06:39:59.999,1.8253
2022-06-07 06:40:59.999,1.8253
2022-06-07 06:41:59.999,1.8253
2022-06-07 06:42:59.999,1.8253
2022-06-07 06:43:59.999,1.8253
2022-06-07 06:44:59.999,1.8253
2022-06-07 06:45:59.999,1.8253
2022-06-07 06:46:59.999,1.8253
2022-06-07 06:47:59.999,1.8253
2022-06-07 06:48:59.999,1.8253
2022-06-07 06:49:59.999,1.8253
2022-06-07 06:50:59.999,1.8253
2022-06-07 06:51:59.999,1.8253
2022-06-07 06:52:59.999,1.8253
2022-06-07 06:53:59.999,1.8253
2022-06-07 06:54:59.999,1.8253
2022-06-07 06:55:59.999,1.8253
2022-06-07 06:56:59.999,1.8253
2022-06-07 06:57:59.999,1.8253
2022-06-07 06:58:59.999,1.8253
2022-06-07 06:59:59.999,1.8253
2022-06-07 07:00:59.999,1.8253
2022-06-07 07:01:59.999,1.8253
2022-06-07 07:02:59.999,1.8253
2022-06-07 07:03:59.999,1.8253
2022-06-07 07:04:59.999,1.8253
2022-06-07 07:05:59.999,1.8253
2022-06-07 07:06:59.999,1.8253
2022-06-07 07:07:59.999,1.8253
2022-06-07 07:08:59.999,1.8253
2022-06-07 07:09:59.999,1.8253
2022-06-07 07:10:59.999,1.8253
2022-06-07 07:11:59.999,1.8253
2022-06-07 07:12:59.999,1.8253
2022-06-07 07:13:59.999,1.8253
2022-06-07 07:14:59.999,1.8253
2022-06-07 07:15:59.999,1.8253
2022-06-07 07:16:59.999,1.8253
2022-06-07 07:17:59.999,1.8253
2022-06-07 07:18:59.999,1.8253
2022-06-07 07:19:59.999,1.8253
2022-06-07 07:20:59.999,1.8253
2022-06-07 07:21:59.999,1.8253
2022-06-07 07:22:59.999,1.8253
2022-06-07 07:23:59.999,1.8253
2022-06-07 07:24:59.999,1.8253
2022-06-07 07:25:59.999,1.8253
2022-06-07 07:26:59.999,1.8253
2022-06-07 07:27:59.999,1.8253
2022-06-07 07:28:59.999,1.8557
2022-06-07 07:29:59.999,1.8557
2022-06-07 07:30:59.999,1.8557
2022-06-07 07:31:59.999,1.8557
2022-06-07 07:32:59.999,1.8557
2022-06-07 07:33:59.999,1.8557
2022-06-07 07:34:59.999,1.8615
2022-06-07 07:35:59.999,1.8567
2022-06-07 07:36:59.999,1.8567
2022-06-07 07:37:59.999,1.8567
2022-06-07 07:38:59.999,1.8567
2022-06-07 07:39:59.999,1.8567
2022-06-07 07:40:59.999,1.8567
2022-06-07 07:41:59.999,1.8567
2022-06-07 07:42:59.999,1.8567
2022-06-07 07:43:59.999,1.8567
2022-06-07 07:44:59.999,1.8567
2022-06-07 07:45:59.999,1.8567
2022-06-07 07:46:59.999,1.8567
2022-06-07 07:47:59.999,1.8567
2022-06-07 07:48:59.999,1.8567
2022-06-07 07:49:59.999,1.8567
2022-06-07 07:50:59.999,1.8567
2022-06-07 07:51:59.999,1.8567
2022-06-07 07:52:59.999,1.8567
2022-06-07 07:53:59.999,1.8567
2022-06-07 07:54:59.999,1.8567
2022-06-07 07:55:59.999,1.8567
2022-06-07 07:56:59.999,1.8567
2022-06-07 07:57:59.999,1.8567
2022-06-07 07:58:59.999,1.8567
2022-06-07 07:59:59.999,1.8567
2022-06-07 08:00:59.999,1.8567
2022-06-07 08:01:59.999,1.8567
2022-06-07 08:02:59.999,1.8567
2022-06-07 08:03:59.999,1.8567
2022-06-07 08:04:59.999,1.8567
2022-06-07 08:05:59.999,1.8567
2022-06-07 08:06:59.999,1.8567
2022-06-07 08:07:59.999,1.8567
2022-06-07 08:08:59.999,1.8567
2022-06-07 08:09:59.999,1.8567
2022-06-07 08:10:59.999,1.8807
2022-06-07 08:11:59.999,1.8807
2022-06-07 08:12:59.999,1.8807
2022-06-07 08:13:59.999,1.8807
2022-06-07 08:14:59.999,1.8807
2022-06-07 08:15:59.999,1.8807
2022-06-07 08:16:59.999,1.8807
2022-06-07 08:17:59.999,1.8807
2022-06-07 08:18:59.999,1.8807
2022-06-07 08:19:59.999,1.8807
2022-06-07 08:20:59.999,1.8807
2022-06-07 08:21:59.999,1.8807
2022-06-07 08:22:59.999,1.8807
2022-06-07 08:23:59.999,1.8807
2022-06-07 08:24:59.999,1.8807
2022-06-07 08:25:59.999,1.8807
2022-06-07 08:26:59.999,1.8807
2022-06-07 08:27:59.999,1.8807
2022-06-07 08:28:59.999,1.8807
2022-06-07 08:29:59.999,1.8807
2022-06-07 08:30:59.999,1.8807
2022-06-07 08:31:59.999,1.862
2022-06-07 08:32:59.999,1.862
2022-06-07 08:33:59.999,1.862
2022-06-07 08:34:59.999,1.862
2022-06-07 08:35:59.999,1.862
2022-06-07 08:36:59.999,1.862
2022-06-07 08:37:59.999,1.862
2022-06-07 08:38:59.999,1.862
2022-06-07 08:39:59.999,1.862
2022-06-07 08:40:59.999,1.862
2022-06-07 08:41:59.999,1.862
2022-06-07 08:42:59.999,1.862
2022-06-07 08:43:59.999,1.862
2022-06-07 08:44:59.999,1.862
2022-06-07 08:45:59.999,1.862
2022-06-07 08:46:59.999,1.862
2022-06-07 08:47:59.999,1.862
2022-06-07 08:48:59.999,1.8588
2022-06-07 08:49:59.999,1.8588
2022-06-07 08:50:59.999,1.8588
2022-06-07 08:51:59.999,1.8588
2022-06-07 08:52:59.999,1.8588
2022-06-07 08:53:59.999,1.8588
2022-06-07 08:54:59.999,1.8588
2022-06-07 08:55:59.999,1.8588
2022-06-07 08:56:59.999,1.8558
2022-06-07 08:57:59.999,1.8558
2022-06-07 08:58:59.999,1.8558
2022-06-07 08:59:59.999,1.8558
2022-06-07 09:00:59.999,1.8558
2022-06-07 09:01:59.999,1.8558
2022-06-07 09:02:59.999,1.8558
2022-06-07 09:03:59.999,1.8558
2022-06-07 09:04:59.999,1.8558
2022-06-07 09:05:59.999,1.8558
2022-06-07 09:06:59.999,1.8558
2022-06-07 09:07:59.999,1.8558
2022-06-07 09:08:59.999,1.8558
2022-06-07 09:09:59.999,1.8558
2022-06-07 09:10:59.999,1.8558
2022-06-07 09:11:59.999,1.8558
2022-06-07 09:12:59.999,1.8558
2022-06-07 09:13:59.999,1.8558
2022-06-07 09:14:59.999,1.8558
2022-06-07 09:15:59.999,1.8558
2022-06-07 09:16:59.999,1.8558
2022-06-07 09:17:59.999,1.8558
2022-06-07 09:18:59.999,1.8558
2022-06-07 09:19:59.999,1.8558
2022-06-07 09:20:59.999,1.8558
2022-06-07 09:21:59.999,1.8558
2022-06-07 09:22:59.999,1.8558
2022-06-07 09:23:59.999,1.8558
2022-06-07 09:24:59.999,1.8558
2022-06-07 09:25:59.999,1.8558
2022-06-07 09:26:59.999,1.8558
2022-06-07 09:27:59.999,1.8558
2022-06-07 09:28:59.999,1.8558
2022-06-07 09:29:59.999,1.8558
2022-06-07 09:30:59.999,1.8558
2022-06-07 09:31:59.999,1.8558
2022-06-07 09:32:59.999,1.8558
2022-06-07 09:33:59.999,1.8558
2022-06-07 09:34:59.999,1.8558
2022-06-07 09:35:59.999,1.8558
2022-06-07 09:36:59.999,1.8558
2022-06-07 09:37:59.999,1.8558
2022-06-07 09:38:59.999,1.8558
2022-06-07 09:39:59.999,1.8558
2022-06-07 09:40:59.999,1.8558
2022-06-07 09:41:59.999,1.8558
2022-06-07 09:42:59.999,1.8558
2022-06-07 09:43:59.999,1.8558
2022-06-07 09:44:59.999,1.8558
2022-06-07 09:45:59.999,1.8558
2022-06-07 09:46:59.999,1.8558
2022-06-07 09:47:59.999,1.8558
2022-06-07 09:48:59.999,1.8558
2022-06-07 09:49:59.999,1.8558
2022-06-07 09:50:59.999,1.8558
2022-06-07 09:51:59.999,1.8558
2022-06-07 09:52:59.999,1.8558
2022-06-07 09:53:59.999,1.8558
2022-06-07 09:54:59.999,1.8558
2022-06-07 09:55:59.999,1.8558
2022-06-07 09:56:59.999,1.8558
2022-06-07 09:57:59.999,1.8558
2022-06-07 09:58:59.999,1.8558
2022-06-07 09:59:59.999,1.8558
2022-06-07 10:00:59.999,1.8558
2022-06-07 10:01:59.999,1.8558
2022-06-07 10:02:59.999,1.8558
2022-06-07 10:03:59.999,1.8558
2022-06-07 10:04:59.999,1.8558
2022-06-07 10:05:59.999,1.8558
2022-06-07 10:06:59.999,1.8558
2022-06-07 10:07:59.999,1.8558
2022-06-07 10:08:59.999,1.8558
2022-06-07 10:09:59.999,1.8558
2022-06-07 10:10:59.999,1.8558
2022-06-07 10:11:59.999,1.8558
2022-06-07 10:12:59.999,1.8558
2022-06-07 10:13:59.999,1.8558
2022-06-07 10:14:59.999,1.8558
2022-06-07 10:15:59.999,1.8558
2022-06-07 10:16:59.999,1.8558
2022-06-07 10:17:59.999,1.8558
2022-06-07 10:18:59.999,1.8558
2022-06-07 10:19:59.999,1.8558
2022-06-07 10:20:59.999,1.8558
2022-06-07 10:21:59.999,1.8558
2022-06-07 10:22:59.999,1.8558
2022-06-07 10:23:59.999,1.8558
2022-06-07 10:24:59.999,1.8558
2022-06-07 10:25:59.999,1.8558
2022-06-07 10:26:59.999,1.8558
2022-06-07 10:27:59.999,1.8558
2022-06-07 10:28:59.999,1.8558
2022-06-07 10:29:59.999,1.8558
2022-06-07 10:30:59.999,1.8558
2022-06-07 10:31:59.999,1.8036
2022-06-07 10:32:59.999,1.8043
2022-06-07 10:33:59.999,1.8043
2022-06-07 10:34:59.999,1.79
2022-06-07 10:35:59.999,1.79
2022-06-07 10:36:59.999,1.7914
2022-06-07 10:37:59.999,1.7914
2022-06-07 10:38:59.999,1.7914
2022-06-07 10:39:59.999,1.7914
2022-06-07 10:40:59.999,1.7914
2022-06-07 10:41:59.999,1.7914
2022-06-07 10:42:59.999,1.7914
2022-06-07 10:43:59.999,1.7914
2022-06-07 10:44:59.999,1.7914
2022-06-07 10:45:59.999,1.7892
2022-06-07 10:46:59.999,1.7922
2022-06-07 10:47:59.999,1.7845
2022-06-07 10:48:59.999,1.7845
2022-06-07 10:49:59.999,1.7845
2022-06-07 10:50:59.999,1.7845
2022-06-07 10:51:59.999,1.7845
2022-06-07 10:52:59.999,1.7845
2022-06-07 10:53:59.999,1.7845
2022-06-07 10:54:59.999,1.7845
2022-06-07 10:55:59.999,1.7863
2022-06-07 10:56:59.999,1.7863
2022-06-07 10:57:59.999,1.7863
2022-06-07 10:58:59.999,1.7863
2022-06-07 10:59:59.999,1.7863
2022-06-07 11:00:59.999,1.7863
2022-06-07 11:01:59.999,1.7863
2022-06-07 11:02:59.999,1.7732
2022-06-07 11:03:59.999,1.7732
2022-06-07 11:04:59.999,1.7732
2022-06-07 11:05:59.999,1.7732
2022-06-07 11:06:59.999,1.7732
2022-06-07 11:07:59.999,1.7732
2022-06-07 11:08:59.999,1.7732
2022-06-07 11:09:59.999,1.7879
2022-06-07 11:10:59.999,1.7879
2022-06-07 11:11:59.999,1.7879
2022-06-07 11:12:59.999,1.7879
2022-06-07 11:13:59.999,1.7879
2022-06-07 11:14:59.999,1.7879
2022-06-07 11:15:59.999,1.7879
2022-06-07 11:16:59.999,1.7879
2022-06-07 11:17:59.999,1.7879
2022-06-07 11:18:59.999,1.7879
2022-06-07 11:19:59.999,1.7879
2022-06-07 11:20:59.999,1.7879
2022-06-07 11:21:59.999,1.7879
2022-06-07 11:22:59.999,1.7879
2022-06-07 11:23:59.999,1.7879
2022-06-07 11:24:59.999,1.7879
2022-06-07 11:25:59.999,1.7879
2022-06-07 11:26:59.999,1.7879
2022-06-07 11:27:59.999,1.7879
2022-06-07 11:28:59.999,1.7879
2022-06-07 11:29:59.999,1.7879
2022-06-07 11:30:59.999,1.7879
2022-06-07 11:31:59.999,1.7879
2022-06-07 11:32:59.999,1.7879
2022-06-07 11:33:59.999,1.7879
2022-06-07 11:34:59.999,1.7879
2022-06-07 11:35:59.999,1.7879
2022-06-07 11:36:59.999,1.7879
2022-06-07 11:37:59.999,1.7879
2022-06-07 11:38:59.999,1.7879
2022-06-07 11:39:59.999,1.7879
2022-06-07 11:40:59.999,1.7879
2022-06-07 11:41:59.999,1.7879
2022-06-07 11:42:59.999,1.7879
2022-06-07 11:43:59.999,1.7879
2022-06-07 11:44:59.999,1.7879
2022-06-07 11:45:59.999,1.7879
2022-06-07 11:46:59.999,1.7879
2022-06-07 11:47:59.999,1.7879
2022-06-07 11:48:59.999,1.7879
2022-06-07 11:49:59.999,1.7879
2022-06-07 11:50:59.999,1.765
2022-06-07 11:51:59.999,1.7609
2022-06-07 11:52:59.999,1.7609
2022-06-07 11:53:59.999,1.7609
2022-06-07 11:54:59.999,1.7609
2022-06-07 11:55:59.999,1.7609
2022-06-07 11:56:59.999,1.7609
2022-06-07 11:57:59.999,1.7609
2022-06-07 11:58:59.999,1.7609
2022-06-07 11:59:59.999,1.7789
2022-06-07 12:00:59.999,1.7789
2022-06-07 12:01:59.999,1.7789
2022-06-07 12:02:59.999,1.7789
2022-06-07 12:03:59.999,1.7789
2022-06-07 12:04:59.999,1.7789
2022-06-07 12:05:59.999,1.7789
2022-06-07 12:06:59.999,1.7724
2022-06-07 12:07:59.999,1.7724
2022-06-07 12:08:59.999,1.7724
2022-06-07 12:09:59.999,1.7724
2022-06-07 12:10:59.999,1.7724
2022-06-07 12:11:59.999,1.7724
2022-06-07 12:12:59.999,1.7724
2022-06-07 12:13:59.999,1.7724
2022-06-07 12:14:59.999,1.7724
2022-06-07 12:15:59.999,1.7724
2022-06-07 12:16:59.999,1.7724
2022-06-07 12:17:59.999,1.7724
2022-06-07 12:18:59.999,1.7724
2022-06-07 12:19:59.999,1.7724
2022-06-07 12:20:59.999,1.7724
2022-06-07 12:21:59.999,1.7724
2022-06-07 12:22:59.999,1.7724
2022-06-07 12:23:59.999,1.7724
2022-06-07 12:24:59.999,1.7724
2022-06-07 12:25:59.999,1.7724
2022-06-07 12:26:59.999,1.7724
2022-06-07 12:27:59.999,1.7724
2022-06-07 12:28:59.999,1.7724
2022-06-07 12:29:59.999,1.7724
2022-06-07 12:30:59.999,1.7724
2022-06-07 12:31:59.999,1.7724
2022-06-07 12:32:59.999,1.7724
2022-06-07 12:33:59.999,1.7724
2022-06-07 12:34:59.999,1.7724
2022-06-07 12:35:59.999,1.7724
2022-06-07 12:36:59.999,1.7724
2022-06-07 12:37:59.999,1.7724
2022-06-07 12:38:59.999,1.7724
2022-06-07 12:39:59.999,1.7724
2022-06-07 12:40:59.999,1.7724
2022-06-07 12:41:59.999,1.7724
2022-06-07 12:42:59.999,1.7724
2022-06-07 12:43:59.999,1.7724
2022-06-07 12:44:59.999,1.7724
2022-06-07 12:45:59.999,1.7724
2022-06-07 12:46:59.999,1.7724
2022-06-07 12:47:59.999,1.7724
2022-06-07 12:48:59.999,1.7724
2022-06-07 12:49:59.999,1.7724
2022-06-07 12:50:59.999,1.7724
2022-06-07 12:51:59.999,1.7724
2022-06-07 12:52:59.999,1.7724
2022-06-07 12:53:59.999,1.7724
2022-06-07 12:54:59.999,1.7724
2022-06-07 12:55:59.999,1.7724
2022-06-07 12:56:59.999,1.7724
2022-06-07 12:57:59.999,1.7724
2022-06-07 12:58:59.999,1.7724
2022-06-07 12:59:59.999,1.7724
2022-06-07 13:00:59.999,1.7724
2022-06-07 13:01:59.999,1.7724
2022-06-07 13:02:59.999,1.7724
2022-06-07 13:03:59.999,1.7724
2022-06-07 13:04:59.999,1.7724
2022-06-07 13:05:59.999,1.7724
2022-06-07 13:06:59.999,1.7724
2022-06-07 13:07:59.999,1.7724
2022-06-07 13:08:59.999,1.7724
2022-06-07 13:09:59.999,1.7724
2022-06-07 13:10:59.999,1.7724
2022-06-07 13:11:59.999,1.7724
2022-06-07 13:12:59.999,1.7724
2022-06-07 13:13:59.999,1.7724
2022-06-07 13:14:59.999,1.7724
2022-06-07 13:15:59.999,1.7724
2022-06-07 13:16:59.999,1.7724
2022-06-07 13:17:59.999,1.7724
2022-06-07 13:18:59.999,1.7879
2022-06-07 13:19:59.999,1.7879
2022-06-07 13:20:59.999,1.7879
2022-06-07 13:21:59.999,1.7879
2022-06-07 13:22:59.999,1.7879
2022-06-07 13:23:59.999,1.7879
2022-06-07 13:24:59.999,1.7879
2022-06-07 13:25:59.999,1.7879
2022-06-07 13:26:59.999,1.7879
2022-06-07 13:27:59.999,1.7879
2022-06-07 13:28:59.999,1.7879
2022-06-07 13:29:59.999,1.7879
2022-06-07 13:30:59.999,1.7879
2022-06-07 13:31:59.999,1.7879
2022-06-07 13:32:59.999,1.7879
2022-06-07 13:33:59.999,1.7879
2022-06-07 13:34:59.999,1.7879
2022-06-07 13:35:59.999,1.7879
2022-06-07 13:36:59.999,1.7879
2022-06-07 13:37:59.999,1.7879
2022-06-07 13:38:59.999,1.7879
2022-06-07 13:39:59.999,1.7879
2022-06-07 13:40:59.999,1.7879
2022-06-07 13:41:59.999,1.7879
2022-06-07 13:42:59.999,1.7879
2022-06-07 13:43:59.999,1.7879
2022-06-07 13:44:59.999,1.7879
2022-06-07 13:45:59.999,1.7879
2022-06-07 13:46:59.999,1.7879
2022-06-07 13:47:59.999,1.7879
2022-06-07 13:48:59.999,1.7879
2022-06-07 13:49:59.999,1.7879
2022-06-07 13:50:59.999,1.7879
2022-06-07 13:51:59.999,1.7879
2022-06-07 13:52:59.999,1.7879
2022-06-07 13:53:59.999,1.7879
2022-06-07 13:54:59.999,1.7879
2022-06-07 13:55:59.999,1.7879
2022-06-07 13:56:59.999,1.7879
2022-06-07 13:57:59.999,1.7879
2022-06-07 13:58:59.999,1.7879
2022-06-07 13:59:59.999,1.7912
2022-06-07 14:00:59.999,1.7898
2022-06-07 14:01:59.999,1.7898
2022-06-07 14:02:59.999,1.7898
2022-06-07 14:03:59.999,1.7898
2022-06-07 14:04:59.999,1.7898
2022-06-07 14:05:59.999,1.7898
2022-06-07 14:06:59.999,1.7898
2022-06-07 14:07:59.999,1.784
2022-06-07 14:08:59.999,1.784
2022-06-07 14:09:59.999,1.784
2022-06-07 14:10:59.999,1.784
2022-06-07 14:11:59.999,1.784
2022-06-07 14:12:59.999,1.784
2022-06-07 14:13:59.999,1.784
2022-06-07 14:14:59.999,1.784
2022-06-07 14:15:59.999,1.784
2022-06-07 14:16:59.999,1.784
2022-06-07 14:17:59.999,1.784
2022-06-07 14:18:59.999,1.784
2022-06-07 14:19:59.999,1.784
2022-06-07 14:20:59.999,1.784
2022-06-07 14:21:59.999,1.784
2022-06-07 14:22:59.999,1.784
2022-06-07 14:23:59.999,1.784
2022-06-07 14:24:59.999,1.784
2022-06-07 14:25:59.999,1.784
2022-06-07 14:26:59.999,1.784
2022-06-07 14:27:59.999,1.784
2022-06-07 14:28:59.999,1.784
2022-06-07 14:29:59.999,1.784
2022-06-07 14:30:59.999,1.7822
2022-06-07 14:31:59.999,1.7803
2022-06-07 14:32:59.999,1.773
2022-06-07 14:33:59.999,1.773
2022-06-07 14:34:59.999,1.773
2022-06-07 14:35:59.999,1.773
2022-06-07 14:36:59.999,1.773
2022-06-07 14:37:59.999,1.773
2022-06-07 14:38:59.999,1.773
2022-06-07 14:39:59.999,1.773
2022-06-07 14:40:59.999,1.773
2022-06-07 14:41:59.999,1.7712
2022-06-07 14:42:59.999,1.7712
2022-06-07 14:43:59.999,1.7712
2022-06-07 14:44:59.999,1.7712
2022-06-07 14:45:59.999,1.7712
2022-06-07 14:46:59.999,1.7712
2022-06-07 14:47:59.999,1.7712
2022-06-07 14:48:59.999,1.7712
2022-06-07 14:49:59.999,1.7712
2022-06-07 14:50:59.999,1.7712
2022-06-07 14:51:59.999,1.7712
2022-06-07 14:52:59.999,1.7712
2022-06-07 14:53:59.999,1.7712
2022-06-07 14:54:59.999,1.7712
2022-06-07 14:55:59.999,1.7712
2022-06-07 14:56:59.999,1.7712
2022-06-07 14:57:59.999,1.7712
2022-06-07 14:58:59.999,1.7712
2022-06-07 14:59:59.999,1.7712
2022-06-07 15:00:59.999,1.7712
2022-06-07 15:01:59.999,1.7712
2022-06-07 15:02:59.999,1.7712
2022-06-07 15:03:59.999,1.7712
2022-06-07 15:04:59.999,1.7712
2022-06-07 15:05:59.999,1.7712
2022-06-07 15:06:59.999,1.7712
2022-06-07 15:07:59.999,1.7712
2022-06-07 15:08:59.999,1.7712
2022-06-07 15:09:59.999,1.7712
2022-06-07 15:10:59.999,1.7712
2022-06-07 15:11:59.999,1.7712
2022-06-07 15:12:59.999,1.7712
2022-06-07 15:13:59.999,1.7712
2022-06-07 15:14:59.999,1.7712
2022-06-07 15:15:59.999,1.7712
2022-06-07 15:16:59.999,1.7712
2022-06-07 15:17:59.999,1.7712
2022-06-07 15:18:59.999,1.7712
2022-06-07 15:19:59.999,1.7712
2022-06-07 15:20:59.999,1.7712
2022-06-07 15:21:59.999,1.7712
2022-06-07 15:22:59.999,1.7712
2022-06-07 15:23:59.999,1.7712
2022-06-07 15:24:59.999,1.7712
2022-06-07 15:25:59.999,1.7712
2022-06-07 15:26:59.999,1.7712
2022-06-07 15:27:59.999,1.7712
2022-06-07 15:28:59.999,1.7712
2022-06-07 15:29:59.999,1.7712
2022-06-07 15:30:59.999,1.7712
2022-06-07 15:31:59.999,1.7712
2022-06-07 15:32:59.999,1.7712
2022-06-07 15:33:59.999,1.7712
2022-06-07 15:34:59.999,1.7712
2022-06-07 15:35:59.999,1.7712
2022-06-07 15:36:59.999,1.7712
2022-06-07 15:37:59.999,1.7712
2022-06-07 15:38:59.999,1.7712
2022-06-07 15:39:59.999,1.7712
2022-06-07 15:40:59.999,1.7712
2022-06-07 15:41:59.999,1.7712
2022-06-07 15:42:59.999,1.7712
2022-06-07 15:43:59.999,1.7712
2022-06-07 15:44:59.999,1.7712
2022-06-07 15:45:59.999,1.7712
2022-06-07 15:46:59.999,1.7712
2022-06-07 15:47:59.999,1.7712
2022-06-07 15:48:59.999,1.7712
2022-06-07 15:49:59.999,1.7712
2022-06-07 15:50:59.999,1.7712
2022-06-07 15:51:59.999,1.7712
2022-06-07 15:52:59.999,1.7712
2022-06-07 15:53:59.999,1.7712
2022-06-07 15:54:59.999,1.7712
2022-06-07 15:55:59.999,1.7712
2022-06-07 15:56:59.999,1.7712
2022-06-07 15:57:59.999,1.7712
2022-06-07 15:58:59.999,1.7934
2022-06-07 15:59:59.999,1.7934
2022-06-07 16:00:59.999,1.7934
2022-06-07 16:01:59.999,1.7934
2022-06-07 16:02:59.999,1.7934
2022-06-07 16:03:59.999,1.7934
2022-06-07 16:04:59.999,1.7934
2022-06-07 16:05:59.999,1.7934
2022-06-07 16:06:59.999,1.7934
2022-06-07 16:07:59.999,1.7934
2022-06-07 16:08:59.999,1.7934
2022-06-07 16:09:59.999,1.7913
2022-06-07 16:10:59.999,1.7913
2022-06-07 16:11:59.999,1.7913
2022-06-07 16:12:59.999,1.7913
2022-06-07 16:13:59.999,1.7913
2022-06-07 16:14:59.999,1.7913
2022-06-07 16:15:59.999,1.7913
2022-06-07 16:16:59.999,1.7913
2022-06-07 16:17:59.999,1.7913
2022-06-07 16:18:59.999,1.7913
2022-06-07 16:19:59.999,1.7913
2022-06-07 16:20:59.999,1.7913
2022-06-07 16:21:59.999,1.7913
2022-06-07 16:22:59.999,1.7913
2022-06-07 16:23:59.999,1.7913
2022-06-07 16:24:59.999,1.7913
2022-06-07 16:25:59.999,1.7913
2022-06-07 16:26:59.999,1.7913
2022-06-07 16:27:59.999,1.7913
2022-06-07 16:28:59.999,1.7913
2022-06-07 16:29:59.999,1.7913
2022-06-07 16:30:59.999,1.7913
2022-06-07 16:31:59.999,1.7913
2022-06-07 16:32:59.999,1.7913
2022-06-07 16:33:59.999,1.7913
2022-06-07 16:34:59.999,1.7913
2022-06-07 16:35:59.999,1.7913
2022-06-07 16:36:59.999,1.7913
2022-06-07 16:37:59.999,1.7913
2022-06-07 16:38:59.999,1.7913
2022-06-07 16:39:59.999,1.7913
2022-06-07 16:40:59.999,1.7913
2022-06-07 16:41:59.999,1.7913
2022-06-07 16:42:59.999,1.7913
2022-06-07 16:43:59.999,1.7913
2022-06-07 16:44:59.999,1.7913
2022-06-07 16:45:59.999,1.7913
2022-06-07 16:46:59.999,1.7913
2022-06-07 16:47:59.999,1.7913
2022-06-07 16:48:59.999,1.7913
2022-06-07 16:49:59.999,1.7913
2022-06-07 16:50:59.999,1.7913
2022-06-07 16:51:59.999,1.7913
2022-06-07 16:52:59.999,1.7913
2022-06-07 16:53:59.999,1.7913
2022-06-07 16:54:59.999,1.7913
2022-06-07 16:55:59.999,1.7913
2022-06-07 16:56:59.999,1.7913
2022-06-07 16:57:59.999,1.7913
2022-06-07 16:58:59.999,1.7913
2022-06-07 16:59:59.999,1.7913
2022-06-07 17:00:59.999,1.7913
2022-06-07 17:01:59.999,1.7913
2022-06-07 17:02:59.999,1.7913
2022-06-07 17:03:59.999,1.7913
2022-06-07 17:04:59.999,1.7913
2022-06-07 17:05:59.999,1.7913
2022-06-07 17:06:59.999,1.7913
2022-06-07 17:07:59.999,1.7913
2022-06-07 17:08:59.999,1.7913
2022-06-07 17:09:59.999,1.7913
2022-06-07 17:10:59.999,1.7913
2022-06-07 17:11:59.999,1.7913
2022-06-07 17:12:59.999,1.7913
2022-06-07 17:13:59.999,1.7913
2022-06-07 17:14:59.999,1.7913
2022-06-07 17:15:59.999,1.7913
2022-06-07 17:16:59.999,1.7913
2022-06-07 17:17:59.999,1.7913
2022-06-07 17:18:59.999,1.7913
2022-06-07 17:19:59.999,1.7913
2022-06-07 17:20:59.999,1.7913
2022-06-07 17:21:59.999,1.7913
2022-06-07 17:22:59.999,1.7913
2022-06-07 17:23:59.999,1.7913
2022-06-07 17:24:59.999,1.7913
2022-06-07 17:25:59.999,1.7913
2022-06-07 17:26:59.999,1.7913
2022-06-07 17:27:59.999,1.7913
2022-06-07 17:28:59.999,1.7839
2022-06-07 17:29:59.999,1.7839
2022-06-07 17:30:59.999,1.7839
2022-06-07 17:31:59.999,1.7839
2022-06-07 17:32:59.999,1.7839
2022-06-07 17:33:59.999,1.7839
2022-06-07 17:34:59.999,1.7839
2022-06-07 17:35:59.999,1.7839
2022-06-07 17:36:59.999,1.7839
2022-06-07 17:37:59.999,1.7839
2022-06-07 17:38:59.999,1.7839
2022-06-07 17:39:59.999,1.7839
2022-06-07 17:40:59.999,1.7839
2022-06-07 17:41:59.999,1.7839
2022-06-07 17:42:59.999,1.7839
2022-06-07 17:43:59.999,1.7839
2022-06-07 17:44:59.999,1.7839
2022-06-07 17:45:59.999,1.7839
2022-06-07 17:46:59.999,1.7839
2022-06-07 17:47:59.999,1.7839
2022-06-07 17:48:59.999,1.7913
2022-06-07 17:49:59.999,1.7913
2022-06-07 17:50:59.999,1.7913
2022-06-07 17:51:59.999,1.7913
2022-06-07 17:52:59.999,1.7913
2022-06-07 17:53:59.999,1.7913
2022-06-07 17:54:59.999,1.7913
2022-06-07 17:55:59.999,1.7913
2022-06-07 17:56:59.999,1.7913
2022-06-07 17:57:59.999,1.7913
2022-06-07 17:58:59.999,1.7913
2022-06-07 17:59:59.999,1.7913
2022-06-07 18:00:59.999,1.7913
2022-06-07 18:01:59.999,1.7913
2022-06-07 18:02:59.999,1.7913
2022-06-07 18:03:59.999,1.7913
2022-06-07 18:04:59.999,1.7913
2022-06-07 18:05:59.999,1.7913
2022-06-07 18:06:59.999,1.7913
2022-06-07 18:07:59.999,1.7913
2022-06-07 18:08:59.999,1.7913
2022-06-07 18:09:59.999,1.7913
2022-06-07 18:10:59.999,1.7913
2022-06-07 18:11:59.999,1.7913
2022-06-07 18:12:59.999,1.7913
2022-06-07 18:13:59.999,1.7913
2022-06-07 18:14:59.999,1.7913
2022-06-07 18:15:59.999,1.7913
2022-06-07 18:16:59.999,1.7913
2022-06-07 18:17:59.999,1.7913
2022-06-07 18:18:59.999,1.7913
2022-06-07 18:19:59.999,1.7913
2022-06-07 18:20:59.999,1.7913
2022-06-07 18:21:59.999,1.7913
2022-06-07 18:22:59.999,1.7929
2022-06-07 18:23:59.999,1.7935
2022-06-07 18:24:59.999,1.7935
2022-06-07 18:25:59.999,1.7935
2022-06-07 18:26:59.999,1.7935
2022-06-07 18:27:59.999,1.7935
2022-06-07 18:28:59.999,1.7935
2022-06-07 18:29:59.999,1.7953
2022-06-07 18:30:59.999,1.7953
2022-06-07 18:31:59.999,1.7953
2022-06-07 18:32:59.999,1.7953
2022-06-07 18:33:59.999,1.7953
2022-06-07 18:34:59.999,1.7953
2022-06-07 18:35:59.999,1.7953
2022-06-07 18:36:59.999,1.7953
2022-06-07 18:37:59.999,1.7953
2022-06-07 18:38:59.999,1.8008
2022-06-07 18:39:59.999,1.7977
2022-06-07 18:40:59.999,1.7977
2022-06-07 18:41:59.999,1.7977
2022-06-07 18:42:59.999,1.7977
2022-06-07 18:43:59.999,1.7977
2022-06-07 18:44:59.999,1.7977
2022-06-07 18:45:59.999,1.7977
2022-06-07 18:46:59.999,1.7977
2022-06-07 18:47:59.999,1.7977
2022-06-07 18:48:59.999,1.7977
2022-06-07 18:49:59.999,1.7977
2022-06-07 18:50:59.999,1.7977
2022-06-07 18:51:59.999,1.7977
2022-06-07 18:52:59.999,1.7977
2022-06-07 18:53:59.999,1.7977
2022-06-07 18:54:59.999,1.7977
2022-06-07 18:55:59.999,1.7977
2022-06-07 18:56:59.999,1.7977
2022-06-07 18:57:59.999,1.7977
2022-06-07 18:58:59.999,1.7977
2022-06-07 18:59:59.999,1.7977
2022-06-07 19:00:59.999,1.7977
2022-06-07 19:01:59.999,1.7977
2022-06-07 19:02:59.999,1.7977
2022-06-07 19:03:59.999,1.7977
2022-06-07 19:04:59.999,1.7977
2022-06-07 19:05:59.999,1.7977
2022-06-07 19:06:59.999,1.7977
2022-06-07 19:07:59.999,1.7977
2022-06-07 19:08:59.999,1.7977
2022-06-07 19:09:59.999,1.7977
2022-06-07 19:10:59.999,1.7977
2022-06-07 19:11:59.999,1.7977
2022-06-07 19:12:59.999,1.7977
2022-06-07 19:13:59.999,1.7977
2022-06-07 19:14:59.999,1.7977
2022-06-07 19:15:59.999,1.7977
2022-06-07 19:16:59.999,1.7977
2022-06-07 19:17:59.999,1.7977
2022-06-07 19:18:59.999,1.7977
2022-06-07 19:19:59.999,1.7977
2022-06-07 19:20:59.999,1.7977
2022-06-07 19:21:59.999,1.7977
2022-06-07 19:22:59.999,1.7977
2022-06-07 19:23:59.999,1.7977
2022-06-07 19:24:59.999,1.7882
2022-06-07 19:25:59.999,1.7882
2022-06-07 19:26:59.999,1.7872
2022-06-07 19:27:59.999,1.7872
